Code,Name,Country,Exchange,Currency,Type
1,Supercomnet Technologies Bhd,Malaysia,KLSE,MYR,Common Stock
2,Kotra Industries Bhd,Malaysia,KLSE,MYR,Common Stock
5,UCrest Bhd,Malaysia,KLSE,MYR,Common Stock
6,Pineapple Resources Bhd,Malaysia,KLSE,MYR,Common Stock
7,PUC Bhd,Malaysia,KLSE,MYR,Common Stock
8,Willowglen Msc Bhd,Malaysia,KLSE,MYR,Common Stock
10,IRIS Corporation Bhd,Malaysia,KLSE,MYR,Common Stock
11,Brite Tech Bhd,Malaysia,KLSE,MYR,Common Stock
12,Three-A Resources Bhd,Malaysia,KLSE,MYR,Common Stock
17,M3 Technologies (Asia) Bhd,Malaysia,KLSE,MYR,Common Stock
18,Lambo Group Bhd,Malaysia,KLSE,MYR,Common Stock
20,Netx Holdings Bhd,Malaysia,KLSE,MYR,Common Stock
21,GHL Systems Bhd,Malaysia,KLSE,MYR,Common Stock
22,Parlo Bhd,Malaysia,KLSE,MYR,Common Stock
23,IFCA MSC Bhd,Malaysia,KLSE,MYR,Common Stock
24,JAG Bhd,Malaysia,KLSE,MYR,Common Stock
25,YBS International Bhd,Malaysia,KLSE,MYR,Common Stock
26,Nova MSC Bhd,Malaysia,KLSE,MYR,Common Stock
28,Scope Industries Berhad,Malaysia,KLSE,MYR,Common Stock
29,Digistar Corporation Bhd,Malaysia,KLSE,MYR,Common Stock
32,Redtone International Bhd,Malaysia,KLSE,MYR,Common Stock
34,MMAG Holdings Bhd,Malaysia,KLSE,MYR,Common Stock
0034PA,MMAG Holdings Bhd,Malaysia,KLSE,MYR,Common Stock
35,OPCOM Holdings Bhd,Malaysia,KLSE,MYR,Common Stock
36,Key Alliance Group Bhd,Malaysia,KLSE,MYR,Common Stock
37,RGB International Bhd,Malaysia,KLSE,MYR,Common Stock
38,Plastrade Technology Bhd,Malaysia,KLSE,MYR,Common Stock
39,GFM Services Bhd,Malaysia,KLSE,MYR,Common Stock
40,OpenSys (M) Bhd,Malaysia,KLSE,MYR,Common Stock
41,MSCM Holdings Bhd,Malaysia,KLSE,MYR,Common Stock
43,Metronic Global Bhd,Malaysia,KLSE,MYR,Common Stock
48,Ancom Logistics Bhd,Malaysia,KLSE,MYR,Common Stock
49,Oceancash Pacific Bhd,Malaysia,KLSE,MYR,Common Stock
50,Systech Bhd,Malaysia,KLSE,MYR,Common Stock
51,Cuscapi Bhd,Malaysia,KLSE,MYR,Common Stock
53,Osk Ventures International Bhd,Malaysia,KLSE,MYR,Common Stock
54,Karyon Industries Bhd,Malaysia,KLSE,MYR,Common Stock
55,Sersol Bhd,Malaysia,KLSE,MYR,Common Stock
56,Grand-Flo Bhd,Malaysia,KLSE,MYR,Common Stock
58,Jcbnext Bhd,Malaysia,KLSE,MYR,Common Stock
59,Ecobuilt Holdings Bhd,Malaysia,KLSE,MYR,Common Stock
60,Vortex Consolidated Bhd,Malaysia,KLSE,MYR,Common Stock
64,Efficient E-Solutions Bhd,Malaysia,KLSE,MYR,Common Stock
65,Excel Force MSC Bhd,Malaysia,KLSE,MYR,Common Stock
66,Vsolar Group Bhd,Malaysia,KLSE,MYR,Common Stock
68,Asdion Bhd,Malaysia,KLSE,MYR,Common Stock
69,Vivocom Intl Holdings Bhd,Malaysia,KLSE,MYR,Common Stock
70,MQ Technology Bhd,Malaysia,KLSE,MYR,Common Stock
72,AT Systematization Bhd,Malaysia,KLSE,MYR,Common Stock
74,Green Ocean Corporation Bhd,Malaysia,KLSE,MYR,Common Stock
75,LYC Healthcare Bhd,Malaysia,KLSE,MYR,Common Stock
78,GD Express Carrier Bhd,Malaysia,KLSE,MYR,Common Stock
79,Orion lXL Bhd,Malaysia,KLSE,MYR,Common Stock
80,Straits Inter Logistics Bhd,Malaysia,KLSE,MYR,Common Stock
81,Mega Sun City Holdings Bhd,Malaysia,KLSE,MYR,Common Stock
82,Green Packet Bhd,Malaysia,KLSE,MYR,Common Stock
83,Notion VTec Bhd,Malaysia,KLSE,MYR,Common Stock
84,Techfast Holdings Bhd,Malaysia,KLSE,MYR,Common Stock
85,Mlabs Systems Bhd,Malaysia,KLSE,MYR,Common Stock
86,Ygl Convergence Bhd,Malaysia,KLSE,MYR,Common Stock
89,Tex Cycle Technology (M) Bhd,Malaysia,KLSE,MYR,Common Stock
90,Elsoft Research Bhd,Malaysia,KLSE,MYR,Common Stock
91,Daya Materials Bhd,Malaysia,KLSE,MYR,Common Stock
92,mTouche Technology Bhd,Malaysia,KLSE,MYR,Common Stock
93,Solution Group Bhd,Malaysia,KLSE,MYR,Common Stock
94,Inix Technologies Holdings Bhd,Malaysia,KLSE,MYR,Common Stock
95,Xinghe Holdings Bhd,Malaysia,KLSE,MYR,Common Stock
96,Nexgram Holdings Bhd,Malaysia,KLSE,MYR,Common Stock
97,ViTrox Corporation Bhd,Malaysia,KLSE,MYR,Common Stock
98,Bahvest Resources Bhd,Malaysia,KLSE,MYR,Common Stock
99,Scicom (MSC) Bhd,Malaysia,KLSE,MYR,Common Stock
100,ES Ceramics Technology Bhd,Malaysia,KLSE,MYR,Common Stock
101,Tmc Life Sciences Bhd,Malaysia,KLSE,MYR,Common Stock
102,Connectcounty Holdings Bhd,Malaysia,KLSE,MYR,Common Stock
103,M N C Wireless Bhd,Malaysia,KLSE,MYR,Common Stock
104,Genetec Technology Bhd,Malaysia,KLSE,MYR,Common Stock
105,Asia Poly Holdings Bhd,Malaysia,KLSE,MYR,Common Stock
106,Rexit Bhd,Malaysia,KLSE,MYR,Common Stock
107,Eduspec Holdings Bhd,Malaysia,KLSE,MYR,Common Stock
108,N2N Connect Bhd,Malaysia,KLSE,MYR,Common Stock
109,SC Estate Builder Bhd,Malaysia,KLSE,MYR,Common Stock
111,K-One Technology Bhd,Malaysia,KLSE,MYR,Common Stock
112,Mikro MSC Bhd,Malaysia,KLSE,MYR,Common Stock
113,MMS Ventures Bhd,Malaysia,KLSE,MYR,Common Stock
116,Focus Dynamics Group Bhd,Malaysia,KLSE,MYR,Common Stock
117,SMRT Holdings Bhd,Malaysia,KLSE,MYR,Common Stock
118,Trive Property Group Bhd,Malaysia,KLSE,MYR,Common Stock
119,Appasia Bhd,Malaysia,KLSE,MYR,Common Stock
120,Visdynamics Holdings Bhd,Malaysia,KLSE,MYR,Common Stock
122,Advance Information Marketing Bhd,Malaysia,KLSE,MYR,Common Stock
123,Privasia Technology Bhd,Malaysia,KLSE,MYR,Common Stock
126,Microlink Solutions Bhd,Malaysia,KLSE,MYR,Common Stock
127,JHM Consolidation Bhd,Malaysia,KLSE,MYR,Common Stock
128,Frontken Corporation Bhd,Malaysia,KLSE,MYR,Common Stock
129,Silver Ridge Holdings Bhd,Malaysia,KLSE,MYR,Common Stock
131,Diversified Gateway Solutions Bhd,Malaysia,KLSE,MYR,Common Stock
132,TechnoDex Bhd,Malaysia,KLSE,MYR,Common Stock
133,Sanichi Technology Bhd,Malaysia,KLSE,MYR,Common Stock
136,Greenyield Bhd,Malaysia,KLSE,MYR,Common Stock
138,My EG Services Bhd,Malaysia,KLSE,MYR,Common Stock
140,Sterling Progress Berhad,Malaysia,KLSE,MYR,Common Stock
143,Key ASIC Bhd,Malaysia,KLSE,MYR,Common Stock
145,TFP Solutions Bhd,Malaysia,KLSE,MYR,Common Stock
146,JF Technology Bhd,Malaysia,KLSE,MYR,Common Stock
148,Sunzen Biotech Berhad,Malaysia,KLSE,MYR,Common Stock
149,Fibon Bhd,Malaysia,KLSE,MYR,Common Stock
150,Fintec Global Bhd,Malaysia,KLSE,MYR,Common Stock
151,Kelington Group Bhd,Malaysia,KLSE,MYR,Common Stock
152,DGB Asia Bhd,Malaysia,KLSE,MYR,Common Stock
153,Oversea Enterprise Bhd,Malaysia,KLSE,MYR,Common Stock
154,EA Holdings Bhd,Malaysia,KLSE,MYR,Common Stock
155,Malaysian Genomics Resource Centre Bhd,Malaysia,KLSE,MYR,Common Stock
156,Managepay Systems Bhd,Malaysia,KLSE,MYR,Common Stock
157,Focus Point Holdings Bhd,Malaysia,KLSE,MYR,Common Stock
158,Scc Holdings Bhd,Malaysia,KLSE,MYR,Common Stock
159,Asia Media Group Bhd,Malaysia,KLSE,MYR,Common Stock
160,Hiap Huat Holdings Bhd,Malaysia,KLSE,MYR,Common Stock
161,SCH Group Bhd,Malaysia,KLSE,MYR,Common Stock
162,Widad Group Bhd,Malaysia,KLSE,MYR,Common Stock
163,Careplus Group Bhd,Malaysia,KLSE,MYR,Common Stock
165,XOX Bhd,Malaysia,KLSE,MYR,Common Stock
166,Inari Amertron Bhd,Malaysia,KLSE,MYR,Common Stock
167,Mclean Technologies Bhd,Malaysia,KLSE,MYR,Common Stock
168,Boilermech Holdings Bhd,Malaysia,KLSE,MYR,Common Stock
169,SMTrack Bhd,Malaysia,KLSE,MYR,Common Stock
170,Kanger International Bhd,Malaysia,KLSE,MYR,Common Stock
171,Peterlabs Holdings Bhd,Malaysia,KLSE,MYR,Common Stock
172,Ock Group Bhd,Malaysia,KLSE,MYR,Common Stock
173,Rev Asia Bhd,Malaysia,KLSE,MYR,Common Stock
174,iDimension Consolidated Bhd,Malaysia,KLSE,MYR,Common Stock
175,Heng Huat Resources Group Bhd,Malaysia,KLSE,MYR,Common Stock
176,Kronologi Asia Bhd,Malaysia,KLSE,MYR,Common Stock
177,Pasukhas Group Bhd,Malaysia,KLSE,MYR,Common Stock
178,Sedania Innovator Bhd,Malaysia,KLSE,MYR,Common Stock
179,Bioalpha Holdings Bhd,Malaysia,KLSE,MYR,Common Stock
180,Kim Teck Cheong Consolidated Bhd,Malaysia,KLSE,MYR,Common Stock
181,Aemulus Holdings Bhd,Malaysia,KLSE,MYR,Common Stock
182,LKL International Bhd,Malaysia,KLSE,MYR,Common Stock
183,Salutica Bhd,Malaysia,KLSE,MYR,Common Stock
185,HSS Engineers Bhd,Malaysia,KLSE,MYR,Common Stock
186,Perak Transit Bhd,Malaysia,KLSE,MYR,Common Stock
187,BCM Alliance Bhd,Malaysia,KLSE,MYR,Common Stock
188,HLT Global Bhd,Malaysia,KLSE,MYR,Common Stock
189,Matang Bhd,Malaysia,KLSE,MYR,Common Stock
190,Eversafe Rubber Bhd,Malaysia,KLSE,MYR,Common Stock
191,Cabnet Holdings Bhd,Malaysia,KLSE,MYR,Common Stock
192,Inta Bina Group Bhd,Malaysia,KLSE,MYR,Common Stock
193,Kejuruteraan Asastera Bhd,Malaysia,KLSE,MYR,Common Stock
195,Binasat Communications Bhd,Malaysia,KLSE,MYR,Common Stock
196,QES Group Bhd,Malaysia,KLSE,MYR,Common Stock
197,WEGMANS HOLDINGS BERHAD,Malaysia,KLSE,MYR,Common Stock
198,GDB Holdings Bhd,Malaysia,KLSE,MYR,Common Stock
200,Revenue Group Bhd,Malaysia,KLSE,MYR,Common Stock
201,Nova Wellness Group,Malaysia,KLSE,MYR,Common Stock
202,Radiant Globaltech Bhd,Malaysia,KLSE,MYR,Common Stock
203,Securemetric Bhd,Malaysia,KLSE,MYR,Common Stock
205,DPI Holdings Bhd,Malaysia,KLSE,MYR,Common Stock
206,Gagasan Nadi Cergas Bhd,Malaysia,KLSE,MYR,Common Stock
207,Mestron Holdings Bhd,Malaysia,KLSE,MYR,Common Stock
208,GREATECH TECHNOLOGY BERHAD ,Malaysia,KLSE,MYR,Common Stock
209,ISTONE,Malaysia,KLSE,MYR,Common Stock
210,Kim Hin Joo (Malaysia) Bhd,Malaysia,KLSE,MYR,Common Stock
211,Tashin Holdings Bhd,Malaysia,KLSE,MYR,Common Stock
212,SDS Group Bhd,Malaysia,KLSE,MYR,Common Stock
213,MTAG Group Bhd,Malaysia,KLSE,MYR,Common Stock
215,Solarvest Holdings Bhd,Malaysia,KLSE,MYR,Common Stock
216,Spring Art Holdings Bhd,Malaysia,KLSE,MYR,Common Stock
217,Powerwell Holdings Bhd,Malaysia,KLSE,MYR,Common Stock
218,ACO Group Bhd,Malaysia,KLSE,MYR,Common Stock
0827EA,MyETF Dow Jones U.S. Titans 50 (USD),Malaysia,KLSE,USD,Common Stock
1007,Amcorp Properties Berhad,Malaysia,KLSE,MYR,Common Stock
1015,AMMB Holdings Berhad,Malaysia,KLSE,MYR,Common Stock
1023,CIMB Group Holdings Berhad,Malaysia,KLSE,MYR,Common Stock
1058,Manulife Holdings Berhad,Malaysia,KLSE,MYR,Common Stock
1066,RHB Capital Berhad,Malaysia,KLSE,MYR,Common Stock
1082,Hong Leong Financial Group Berhad,Malaysia,KLSE,MYR,Common Stock
1147,Global Oriental Bhd,Malaysia,KLSE,MYR,Common Stock
1155,Malayan Banking Berhad,Malaysia,KLSE,MYR,Common Stock
1163,Allianz Malaysia Berhad,Malaysia,KLSE,MYR,Common Stock
1163PA,Allianz Malaysia Bhd,Malaysia,KLSE,MYR,Common Stock
1171,Malaysia Building Society Bhd,Malaysia,KLSE,MYR,Common Stock
1198,MAA Group Berhad,Malaysia,KLSE,MYR,Common Stock
1287,Pan Malaysia Holdings Bhd,Malaysia,KLSE,MYR,Common Stock
1295,Public Bank Berhad,Malaysia,KLSE,MYR,Common Stock
1368,UEM Edgenta Berhad,Malaysia,KLSE,MYR,Common Stock
1481,Advance Synergy Berhad,Malaysia,KLSE,MYR,Common Stock
1503,GuocoLand (Malaysia) Berhad,Malaysia,KLSE,MYR,Common Stock
1538,Symphony Life Berhad,Malaysia,KLSE,MYR,Common Stock
1562,Berjaya Sports Toto Berhad,Malaysia,KLSE,MYR,Common Stock
1589,Iskandar Waterfront City Berhad,Malaysia,KLSE,MYR,Common Stock
1619,DRB-HICOM Berhad,Malaysia,KLSE,MYR,Common Stock
1643,Landmarks Bhd,Malaysia,KLSE,MYR,Common Stock
1651,Malaysian Resources Corporation Berhad,Malaysia,KLSE,MYR,Common Stock
1694,Menang Corp. M Bhd,Malaysia,KLSE,MYR,Common Stock
1724,Paramount Corporation Berhad,Malaysia,KLSE,MYR,Common Stock
1818,Bursa Malaysia Berhad,Malaysia,KLSE,MYR,Common Stock
1899,Batu Kawan Berhad,Malaysia,KLSE,MYR,Common Stock
1902,Pinehill Pacific Berhad,Malaysia,KLSE,MYR,Common Stock
1929,Chin Teck Plantations Berhad,Malaysia,KLSE,MYR,Common Stock
1961,IOI Corp.Bhd,Malaysia,KLSE,MYR,Common Stock
1996,Kretam Holdings Berhad,Malaysia,KLSE,MYR,Common Stock
2038,Negri Sembilan Oil Palms Berhad,Malaysia,KLSE,MYR,Common Stock
2054,TDM Berhad,Malaysia,KLSE,MYR,Common Stock
2062,Harbour-Link Group Berhad,Malaysia,KLSE,MYR,Common Stock
2089,United Plantations Bhd,Malaysia,KLSE,MYR,Common Stock
2097,EastLand Equity Bhd,Malaysia,KLSE,MYR,Common Stock
2127,Comfort Gloves Berhad,Malaysia,KLSE,MYR,Common Stock
2135,Gopeng Bhd,Malaysia,KLSE,MYR,Common Stock
2143,ECM Libra Financial Group Berhad,Malaysia,KLSE,MYR,Common Stock
2186,Kuchai Development Bhd,Malaysia,KLSE,MYR,Common Stock
2194,MMC Corporation Bhd,Malaysia,KLSE,MYR,Common Stock
2216,IJM Plantations Berhad,Malaysia,KLSE,MYR,Common Stock
2224,Selangor Dredging Bhd,Malaysia,KLSE,MYR,Common Stock
2259,Talam Transform Berhad,Malaysia,KLSE,MYR,Common Stock
2283,Zelan Berhad (27676-V),Malaysia,KLSE,MYR,Common Stock
2291,Genting Plantations Berhad,Malaysia,KLSE,MYR,Common Stock
2305,AYER Holdings Bhd,Malaysia,KLSE,MYR,Common Stock
2429,Tanco Holdings Bhd,Malaysia,KLSE,MYR,Common Stock
2445,Kuala Lumpur Kepong Berhad,Malaysia,KLSE,MYR,Common Stock
2453,Kluang Rubber Company (Malaya) Bhd,Malaysia,KLSE,MYR,Common Stock
2488,Alliance Financial Group Berhad,Malaysia,KLSE,MYR,Common Stock
2542,"Riverview Rubber Estates, Berhad",Malaysia,KLSE,MYR,Common Stock
2569,Sungei Bagan Rubber Co. Malaya Bhd,Malaysia,KLSE,MYR,Common Stock
2593,United Malacca Bhd,Malaysia,KLSE,MYR,Common Stock
2607,Inch Kenneth Kajang Rubber Public Limited Company,Malaysia,KLSE,MYR,Common Stock
2658,Ajinomoto Malaysia Bhd,Malaysia,KLSE,MYR,Common Stock
2674,Aluminium Co. of Malaysia Bhd,Malaysia,KLSE,MYR,Common Stock
2682,Amalgamated Industrial Steel Berhad,Malaysia,KLSE,MYR,Common Stock
2739,Sino Hua-An International Bhd,Malaysia,KLSE,MYR,Common Stock
2755,FCW Holdings Bhd,Malaysia,KLSE,MYR,Common Stock
2771,Boustead Holdings Bhd,Malaysia,KLSE,MYR,Common Stock
2828,CI Holdings Bhd,Malaysia,KLSE,MYR,Common Stock
2836,Carlsberg Brewery Malaysia Bhd,Malaysia,KLSE,MYR,Common Stock
2852,Cahya Mata Sarawak Bhd,Malaysia,KLSE,MYR,Common Stock
2879,Chemical Co. of Malaysia Bhd,Malaysia,KLSE,MYR,Common Stock
2925,Cycle & Carriage Bintang Bhd,Malaysia,KLSE,MYR,Common Stock
2984,FACB Industries Inc. Bhd,Malaysia,KLSE,MYR,Common Stock
3018,Olympia Industries Berhad,Malaysia,KLSE,MYR,Common Stock
3026,Dutch Lady Milk Industries Bhd,Malaysia,KLSE,MYR,Common Stock
3034,Hap Seng Consolidated Berhad,Malaysia,KLSE,MYR,Common Stock
3042,Petron Malaysia Refining & Marketing Bhd,Malaysia,KLSE,MYR,Common Stock
3069,Mega First Corp. Bhd,Malaysia,KLSE,MYR,Common Stock
3107,Fima Corp. Bhd,Malaysia,KLSE,MYR,Common Stock
3158,Ynh Property Berhad,Malaysia,KLSE,MYR,Common Stock
3174,Land & General Bhd,Malaysia,KLSE,MYR,Common Stock
3182,Genting Berhad,Malaysia,KLSE,MYR,Common Stock
3204,George Kent (Malaysia) Berhad,Malaysia,KLSE,MYR,Common Stock
3239,Berjaya Assets Berhad,Malaysia,KLSE,MYR,Common Stock
3247,GUH Holdings Berhad,Malaysia,KLSE,MYR,Common Stock
3255,Heineken Malaysia Berhad,Malaysia,KLSE,MYR,Common Stock
3298,Hexza Corporation Berhad,Malaysia,KLSE,MYR,Common Stock
3301,Hong Leong Industries Berhad,Malaysia,KLSE,MYR,Common Stock
3336,IJM Corporation Berhad,Malaysia,KLSE,MYR,Common Stock
3379,Insas Berhad,Malaysia,KLSE,MYR,Common Stock
3395,Berjaya Corporation Berhad,Malaysia,KLSE,MYR,Common Stock
3417,Eastern & Oriental Berhad,Malaysia,KLSE,MYR,Common Stock
3441,Johan Holdings Bhd,Malaysia,KLSE,MYR,Common Stock
3476,Keck Seng Malaysia Bhd,Malaysia,KLSE,MYR,Common Stock
3484,Damansara Realty Bhd,Malaysia,KLSE,MYR,Common Stock
3514,Marco Holdings Berhad,Malaysia,KLSE,MYR,Common Stock
3557,Ecofirst Consolidated Bhd,Malaysia,KLSE,MYR,Common Stock
3565,Kumpulan Europlus Berhad,Malaysia,KLSE,MYR,Common Stock
3573,Lien Hoe Corp. Bhd,Malaysia,KLSE,MYR,Common Stock
3662,Malayan Flour Mills Bhd,Malaysia,KLSE,MYR,Common Stock
3689,Fraser & Neave Holdings Bhd,Malaysia,KLSE,MYR,Common Stock
3719,Panasonic Manufacturing Malaysia Berhad,Malaysia,KLSE,MYR,Common Stock
3743,Sunsuria Berhad,Malaysia,KLSE,MYR,Common Stock
3778,Melewar Industrial Group Berhad,Malaysia,KLSE,MYR,Common Stock
3794,Lafarge Malaysia Berhad,Malaysia,KLSE,MYR,Common Stock
3816,Misc Bhd,Malaysia,KLSE,MYR,Common Stock
3859,Magnum Berhad,Malaysia,KLSE,MYR,Common Stock
3867,Malaysian Pacific Industries Berhad,Malaysia,KLSE,MYR,Common Stock
3883,Muda Holdings Berhad,Malaysia,KLSE,MYR,Common Stock
3891,Malayan United Industries Berhad,Malaysia,KLSE,MYR,Common Stock
3905,Mulpha International Bhd,Malaysia,KLSE,MYR,Common Stock
3913,MUI Properties Berhad,Malaysia,KLSE,MYR,Common Stock
3948,DutaLand Berhad,Malaysia,KLSE,MYR,Common Stock
4006,Oriental Holdings Bhd,Malaysia,KLSE,MYR,Common Stock
4022,Tadmax Resources Berhad,Malaysia,KLSE,MYR,Common Stock
4057,Asian Pac Holdings Berhad,Malaysia,KLSE,MYR,Common Stock
4065,PPB Group Berhad,Malaysia,KLSE,MYR,Common Stock
4081,Pan Malaysia Corporation Berhad,Malaysia,KLSE,MYR,Common Stock
4162,British American Tobacco Malaysia Bhd,Malaysia,KLSE,MYR,Common Stock
4197,Sime Darby Berhad,Malaysia,KLSE,MYR,Common Stock
4219,Berjaya Land Berhad,Malaysia,KLSE,MYR,Common Stock
4235,Lion Industries Corporation Berhad,Malaysia,KLSE,MYR,Common Stock
4243,WTK Holdings Bhd,Malaysia,KLSE,MYR,Common Stock
4251,I-Berhad,Malaysia,KLSE,MYR,Common Stock
4286,Seal Inc. Bhd,Malaysia,KLSE,MYR,Common Stock
4316,Sin Heng Chan (Malaya) Berhad,Malaysia,KLSE,MYR,Common Stock
4324,Shell Refining Company (Federation of Malaya) Berhad,Malaysia,KLSE,MYR,Common Stock
4359,Turiya Berhad,Malaysia,KLSE,MYR,Common Stock
4375,South Malaysia Industries Bhd,Malaysia,KLSE,MYR,Common Stock
4383,Jaya Tiasa Holdings Berhad,Malaysia,KLSE,MYR,Common Stock
4405,Tan Chong Motor Holdings Bhd,Malaysia,KLSE,MYR,Common Stock
4456,Dagang NeXchange Berhad,Malaysia,KLSE,MYR,Common Stock
4464,Naim Indah Corp. Bhd,Malaysia,KLSE,MYR,Common Stock
4502,Media Prima Bhd,Malaysia,KLSE,MYR,Common Stock
4588,UMW Holdings Bhd,Malaysia,KLSE,MYR,Common Stock
4596,Sapura Resources Berhad,Malaysia,KLSE,MYR,Common Stock
4634,Pos Malaysia Berhad,Malaysia,KLSE,MYR,Common Stock
4677,YTL Corporation Berhad,Malaysia,KLSE,MYR,Common Stock
4707,Nestl√© (Malaysia) Berhad,Malaysia,KLSE,MYR,Common Stock
4715,Genting Malaysia Berhad,Malaysia,KLSE,MYR,Common Stock
4723,JAKS Resources Berhad,Malaysia,KLSE,MYR,Common Stock
4731,Scientex Berhad,Malaysia,KLSE,MYR,Common Stock
4758,Ancom Berhad,Malaysia,KLSE,MYR,Common Stock
4847,Konsortium Transnasional Bhd,Malaysia,KLSE,MYR,Common Stock
4863,Telekom Malaysia Berhad,Malaysia,KLSE,MYR,Common Stock
4898,TA Enterprise Berhad,Malaysia,KLSE,MYR,Common Stock
4936,Malpac Holdings Bhd,Malaysia,KLSE,MYR,Common Stock
4944,Nylex (Malaysia) Berhad,Malaysia,KLSE,MYR,Common Stock
4952,Amanah Harta Tanah PNB,Malaysia,KLSE,MYR,Common Stock
4995,Versatile Creative Berhad,Malaysia,KLSE,MYR,Common Stock
5000,Hume Industries Berhad,Malaysia,KLSE,MYR,Common Stock
5001,Mieco Chipboard Bhd,Malaysia,KLSE,MYR,Common Stock
5005,Unisem (M) Berhad,Malaysia,KLSE,MYR,Common Stock
5006,Merge Energy Bhd,Malaysia,KLSE,MYR,Common Stock
5007,Chin Well Holdings Berhad,Malaysia,KLSE,MYR,Common Stock
5008,Harrisons Holdings (Malaysia) Berhad,Malaysia,KLSE,MYR,Common Stock
5009,White Horse Bhd,Malaysia,KLSE,MYR,Common Stock
5010,Tong Herr Resources Bhd,Malaysia,KLSE,MYR,Common Stock
5011,Mesiniaga Bhd,Malaysia,KLSE,MYR,Common Stock
5012,TA Ann Holdings Bhd,Malaysia,KLSE,MYR,Common Stock
5014,Malaysia Airports Holdings Bhd,Malaysia,KLSE,MYR,Common Stock
5015,APM Automotive Holdings Berhad,Malaysia,KLSE,MYR,Common Stock
5016,Warisan TC Holdings Bhd,Malaysia,KLSE,MYR,Common Stock
5020,Glomac Berhad,Malaysia,KLSE,MYR,Common Stock
5021,AYS Ventures Berhad,Malaysia,KLSE,MYR,Common Stock
5022,Paos Holdings Berhad,Malaysia,KLSE,MYR,Common Stock
5024,Hup Seng Industries Bhd,Malaysia,KLSE,MYR,Common Stock
5025,NWP Holdings Berhad,Malaysia,KLSE,MYR,Common Stock
5026,MHC Plantations Bhd,Malaysia,KLSE,MYR,Common Stock
5027,Kim Loong Resources Berhad,Malaysia,KLSE,MYR,Common Stock
5028,Heitech Padu Bhd,Malaysia,KLSE,MYR,Common Stock
5029,Far East Holdings Bhd,Malaysia,KLSE,MYR,Common Stock
5031,Time Dotcom Bhd,Malaysia,KLSE,MYR,Common Stock
5032,Bintulu Port Holdings Bhd,Malaysia,KLSE,MYR,Common Stock
5035,Knusford Bhd,Malaysia,KLSE,MYR,Common Stock
5036,Edaran Berhad,Malaysia,KLSE,MYR,Common Stock
5037,Compugates Holdings Bhd,Malaysia,KLSE,MYR,Common Stock
5038,KSL Holdings Bhd,Malaysia,KLSE,MYR,Common Stock
5040,Meda Inc. Bhd,Malaysia,KLSE,MYR,Common Stock
5041,PBA Holdings Bhd,Malaysia,KLSE,MYR,Common Stock
5042,TSR Capital Berhad,Malaysia,KLSE,MYR,Common Stock
5047,NPC Resources Bhd,Malaysia,KLSE,MYR,Common Stock
5048,Yi-Lai Bhd,Malaysia,KLSE,MYR,Common Stock
5049,Country View Bhd,Malaysia,KLSE,MYR,Common Stock
5053,OSK Holdings Berhad,Malaysia,KLSE,MYR,Common Stock
5054,TRC Synergy Bhd,Malaysia,KLSE,MYR,Common Stock
5056,Engtex Group Bhd,Malaysia,KLSE,MYR,Common Stock
5062,Hua Yang Bhd,Malaysia,KLSE,MYR,Common Stock
5065,Ornapaper Bhd,Malaysia,KLSE,MYR,Common Stock
5066,NTPM Holdings Berhad,Malaysia,KLSE,MYR,Common Stock
5068,Luster Industries Bhd,Malaysia,KLSE,MYR,Common Stock
5069,Bld Plantation Bhd,Malaysia,KLSE,MYR,Common Stock
5070,Protasco Bhd,Malaysia,KLSE,MYR,Common Stock
5071,Coastal Contracts Bhd,Malaysia,KLSE,MYR,Common Stock
5072,Hiap Teck Venture Bhd,Malaysia,KLSE,MYR,Common Stock
5073,Naim Holdings Berhad,Malaysia,KLSE,MYR,Common Stock
5075,Plenitude Berhad,Malaysia,KLSE,MYR,Common Stock
5077,Malaysian Bulk Carriers Bhd,Malaysia,KLSE,MYR,Common Stock
5078,Silk Holdings Berhad,Malaysia,KLSE,MYR,Common Stock
5079,KBES Bhd,Malaysia,KLSE,MYR,Common Stock
5080,Poh Kong Holdings Bhd,Malaysia,KLSE,MYR,Common Stock
5081,Esthetics International Group Bhd,Malaysia,KLSE,MYR,Common Stock
5082,Cymao Holdings Berhad,Malaysia,KLSE,MYR,Common Stock
5084,Ibraco Berhad,Malaysia,KLSE,MYR,Common Stock
5085,Mudajaya Group Bhd,Malaysia,KLSE,MYR,Common Stock
5087,Mycron Steel Bhd,Malaysia,KLSE,MYR,Common Stock
5088,Apex Equity Holdings Berhad,Malaysia,KLSE,MYR,Common Stock
5090,Media Chinese International Limited,Malaysia,KLSE,MYR,Common Stock
5094,CSC Steel Holdings Bhd,Malaysia,KLSE,MYR,Common Stock
5095,HeveaBoard Bhd,Malaysia,KLSE,MYR,Common Stock
5098,Malaysia Steel Works (KL) Bhd,Malaysia,KLSE,MYR,Common Stock
5099,AirAsia Berhad,Malaysia,KLSE,MYR,Common Stock
5100,BP Plastics Holding Bhd,Malaysia,KLSE,MYR,Common Stock
5101,Evergreen Fibreboard Bhd,Malaysia,KLSE,MYR,Common Stock
5102,Guan Chong Bhd,Malaysia,KLSE,MYR,Common Stock
5104,CNI Holdings Bhd,Malaysia,KLSE,MYR,Common Stock
5105,"Can-One Berhad",Malaysia,KLSE,MYR,Common Stock
5106,Axis Real Estate Investment Trust,Malaysia,KLSE,MYR,Common Stock
5107,IQ Group Holdings Berhad,Malaysia,KLSE,MYR,Common Stock
5108,iCapital.biz Berhad,Malaysia,KLSE,MYR,Common Stock
5109,YTL Hospitality REIT,Malaysia,KLSE,MYR,Common Stock
5110,Uoa Real Estate Investment,Malaysia,KLSE,MYR,Common Stock
5111,Tower Real Estate Investment Trust,Malaysia,KLSE,MYR,Common Stock
5112,TH Plantations Berhad,Malaysia,KLSE,MYR,Common Stock
5113,Rimbunan Sawit Berhad,Malaysia,KLSE,MYR,Common Stock
5115,Alam Maritim Resources Berhad,Malaysia,KLSE,MYR,Common Stock
5116,Al-&apos;Aqar Healthcare REIT,Malaysia,KLSE,MYR,Common Stock
5120,AmFirst Real Estate Investment Trust,Malaysia,KLSE,MYR,Common Stock
5121,Hektar Real Estate Investment Trust,Malaysia,KLSE,MYR,Common Stock
5123,MRCB-Quill REIT,Malaysia,KLSE,MYR,Common Stock
5125,Pantech Group Holdings Bhd,Malaysia,KLSE,MYR,Common Stock
5126,Sarawak Oil Palms Bhd,Malaysia,KLSE,MYR,Common Stock
5127,AmanahRaya Real Estate Investment Trust,Malaysia,KLSE,MYR,Common Stock
5129,Melati Ehsan Holdings Berhad,Malaysia,KLSE,MYR,Common Stock
5130,Atrium Real Estate Investment Trust,Malaysia,KLSE,MYR,Common Stock
5131,Zhulian Corporation Berhad,Malaysia,KLSE,MYR,Common Stock
5132,Deleum Bhd,Malaysia,KLSE,MYR,Common Stock
5133,Petra Energy Berhad,Malaysia,KLSE,MYR,Common Stock
5134,Southern Acids M Bhd,Malaysia,KLSE,MYR,Common Stock
5135,SARAWAK Plantation Bhd,Malaysia,KLSE,MYR,Common Stock
5136,Complete Logistic Services Berhad,Malaysia,KLSE,MYR,Common Stock
5138,Hap Seng Plantations Holdings Bhd,Malaysia,KLSE,MYR,Common Stock
5139,Aeon Credit Service M Bhd,Malaysia,KLSE,MYR,Common Stock
5140,TASCO Berhad,Malaysia,KLSE,MYR,Common Stock
5141,Dayang Enterprise Holdings Berhad,Malaysia,KLSE,MYR,Common Stock
5142,Wah Seong Corporation Berhad,Malaysia,KLSE,MYR,Common Stock
5143,Luxchem Corporation Bhd,Malaysia,KLSE,MYR,Common Stock
5145,Sealink International Bhd,Malaysia,KLSE,MYR,Common Stock
5147,Samchem Holdings Bhd,Malaysia,KLSE,MYR,Common Stock
5148,UEM Sunrise Berhad,Malaysia,KLSE,MYR,Common Stock
5149,TAS Offshore Berhad,Malaysia,KLSE,MYR,Common Stock
5151,Halex Holdings Berhad,Malaysia,KLSE,MYR,Common Stock
5152,Muar Ban Lee Group Berhad,Malaysia,KLSE,MYR,Common Stock
5156,XiDeLang Holdings Limited,Malaysia,KLSE,MYR,Common Stock
5157,Saudee Group Berhad,Malaysia,KLSE,MYR,Common Stock
5158,TA Global Bhd,Malaysia,KLSE,MYR,Common Stock
5159,Yoong Onn Corporation Bhd,Malaysia,KLSE,MYR,Common Stock
5160,Homeritz Corporation Berhad,Malaysia,KLSE,MYR,Common Stock
5161,JCY International Berhad,Malaysia,KLSE,MYR,Common Stock
5162,ECS ICT Berhad,Malaysia,KLSE,MYR,Common Stock
5163,Seremban Engineering Berhad,Malaysia,KLSE,MYR,Common Stock
5165,Hock Heng Stone Industries Bhd,Malaysia,KLSE,MYR,Common Stock
5166,ASIAMET Education Group Berhad,Malaysia,KLSE,MYR,Common Stock
5167,Turbo-Mech Bhd,Malaysia,KLSE,MYR,Common Stock
5168,Hartalega Holdings Berhad,Malaysia,KLSE,MYR,Common Stock
5169,Ho Hup Construction Company Berhad,Malaysia,KLSE,MYR,Common Stock
5170,Sarawak Cable Berhad,Malaysia,KLSE,MYR,Common Stock
5171,Kimlun Corporation Berhad,Malaysia,KLSE,MYR,Common Stock
5172,K-Star Sports Limited,Malaysia,KLSE,MYR,Common Stock
5173,Shin Yang Shipping Corporation Berhad,Malaysia,KLSE,MYR,Common Stock
5175,Ivory Properties Group Berhad,Malaysia,KLSE,MYR,Common Stock
5176,Sunway Real Estate Investment Trust,Malaysia,KLSE,MYR,Common Stock
5178,Tatt Giap Group Berhad,Malaysia,KLSE,MYR,Common Stock
5180,CapitaLand Malaysia Mall Trust,Malaysia,KLSE,MYR,Common Stock
5181,SIG Gases Berhad,Malaysia,KLSE,MYR,Common Stock
5182,MCT Berhad,Malaysia,KLSE,MYR,Common Stock
5183,Petronas Chemicals Group Bhd,Malaysia,KLSE,MYR,Common Stock
5184,Cypark Resources Berhad,Malaysia,KLSE,MYR,Common Stock
5185,Affin Holdings Bhd,Malaysia,KLSE,MYR,Common Stock
5186,Malaysia Marine and Heavy Engineering Holdings Berhad,Malaysia,KLSE,MYR,Common Stock
5187,HB Global Limited,Malaysia,KLSE,MYR,Common Stock
5188,China Ouhua Winery Holdings Limited,Malaysia,KLSE,MYR,Common Stock
5190,Benalec Holdings Berhad,Malaysia,KLSE,MYR,Common Stock
5191,Tambun Indah Land Berhad,Malaysia,KLSE,MYR,Common Stock
5192,K.Seng Seng Corporation Bhd,Malaysia,KLSE,MYR,Common Stock
5195,Censof Holdings Berhad,Malaysia,KLSE,MYR,Common Stock
5196,Berjaya Food Berhad,Malaysia,KLSE,MYR,Common Stock
5197,Focus Lumber Berhad,Malaysia,KLSE,MYR,Common Stock
5198,ABM Fujiya Berhad,Malaysia,KLSE,MYR,Common Stock
5199,Hibiscus Petroleum Berhad,Malaysia,KLSE,MYR,Common Stock
5200,UOA Development Bhd,Malaysia,KLSE,MYR,Common Stock
5202,Msm Malaysia Holdings Bhd,Malaysia,KLSE,MYR,Common Stock
5204,Prestariang Berhad,Malaysia,KLSE,MYR,Common Stock
5205,Eversendai Corporation Berhad,Malaysia,KLSE,MYR,Common Stock
5207,SBC Corporation Berhad,Malaysia,KLSE,MYR,Common Stock
5208,EITA Resources Berhad,Malaysia,KLSE,MYR,Common Stock
5209,Gas Malaysia Berhad,Malaysia,KLSE,MYR,Common Stock
5210,Bumi Armada Berhad,Malaysia,KLSE,MYR,Common Stock
5211,Sunway Berhad,Malaysia,KLSE,MYR,Common Stock
5212,Pavilion Real Estate Investment Trust,Malaysia,KLSE,MYR,Common Stock
5213,Sentoria Group Berhad,Malaysia,KLSE,MYR,Common Stock
5216,Datasonic Group Bhd,Malaysia,KLSE,MYR,Common Stock
5218,SapuraKencana Petroleum Berhad,Malaysia,KLSE,MYR,Common Stock
5219,Pestech International Berhad,Malaysia,KLSE,MYR,Common Stock
5220,Globaltec Formation Berhad,Malaysia,KLSE,MYR,Common Stock
5222,Felda Global Ventures Holdings Berhad,Malaysia,KLSE,MYR,Common Stock
5223,Mentiga Corporation Berhad,Malaysia,KLSE,MYR,Common Stock
5225,IHH Healthcare Berhad,Malaysia,KLSE,MYR,Common Stock
5226,Gabungan AQRS Berhad,Malaysia,KLSE,MYR,Common Stock
5227,IGB Real Estate Investment Trust,Malaysia,KLSE,MYR,Common Stock
5228,ELK-Desa Resources Berhad,Malaysia,KLSE,MYR,Common Stock
5230,Tune Protect Group Berhad,Malaysia,KLSE,MYR,Common Stock
5231,Pelikan International Corporation Berhad,Malaysia,KLSE,MYR,Common Stock
5232,Leon Fuat Berhad,Malaysia,KLSE,MYR,Common Stock
5236,Matrix Concepts Holdings Berhad,Malaysia,KLSE,MYR,Common Stock
5237,MPHB Capital Berhad,Malaysia,KLSE,MYR,Common Stock
5238,AirAsia X Berhad,Malaysia,KLSE,MYR,Common Stock
5239,Titijaya Land Berhad,Malaysia,KLSE,MYR,Common Stock
5242,Solid Automotive Berhad,Malaysia,KLSE,MYR,Common Stock
5243,Velesto Energy Bhd,Malaysia,KLSE,MYR,Common Stock
5246,Westports Holdings Berhad,Malaysia,KLSE,MYR,Common Stock
5247,Karex Berhad,Malaysia,KLSE,MYR,Common Stock
5248,Berjaya Auto Berhad,Malaysia,KLSE,MYR,Common Stock
5249,IOI Properties Group Berhad,Malaysia,KLSE,MYR,Common Stock
5250,7-Eleven Malaysia Holdings Berhad,Malaysia,KLSE,MYR,Common Stock
5252,Sasbadi Holdings Berhad,Malaysia,KLSE,MYR,Common Stock
5253,Econpile Holdings Bhd,Malaysia,KLSE,MYR,Common Stock
5254,Boustead Plantations Berhad,Malaysia,KLSE,MYR,Common Stock
5255,Icon Offshore Berhad,Malaysia,KLSE,MYR,Common Stock
5256,Reach Energy Berhad,Malaysia,KLSE,MYR,Common Stock
5257,Carimin Petroleum Berhad,Malaysia,KLSE,MYR,Common Stock
5258,BIMB Holdings Berhad,Malaysia,KLSE,MYR,Common Stock
5259,E.A. Technique (M) Berhad,Malaysia,KLSE,MYR,Common Stock
5260,Only World Group Holdings Berhad,Malaysia,KLSE,MYR,Common Stock
5263,Sunway Construction Group Bhd,Malaysia,KLSE,MYR,Common Stock
5264,Malakoff Corporation Bhd,Malaysia,KLSE,MYR,Common Stock
5265,Dolphin International Bhd,Malaysia,KLSE,MYR,Common Stock
5267,Xin Hwa Holdings Bhd,Malaysia,KLSE,MYR,Common Stock
5268,Ikhmas Jaya Group Bhd,Malaysia,KLSE,MYR,Common Stock
5269,Al-Salam Real Estate Investment Trust,Malaysia,KLSE,MYR,Common Stock
5271,Pecca Group Bhd,Malaysia,KLSE,MYR,Common Stock
5272,Ranhill Holdings Bhd,Malaysia,KLSE,MYR,Common Stock
5273,Chin Hin Group Bhd,Malaysia,KLSE,MYR,Common Stock
5275,myNEWS Holdings Bhd,Malaysia,KLSE,MYR,Common Stock
5276,Dancomech Holdings Bhd,Malaysia,KLSE,MYR,Common Stock
5277,Foundpac Group Bhd,Malaysia,KLSE,MYR,Common Stock
5278,Rhone Ma Holdings Bhd,Malaysia,KLSE,MYR,Common Stock
5279,Serba Dinamik Holdings Bhd,Malaysia,KLSE,MYR,Common Stock
5280,Kip Real Estate Investment Trust,Malaysia,KLSE,MYR,Common Stock
5281,Advancecon Holdings Bhd,Malaysia,KLSE,MYR,Common Stock
5283,Eco World International Bhd,Malaysia,KLSE,MYR,Common Stock
5284,Lotte Chemical Titan Holding Bhd,Malaysia,KLSE,MYR,Common Stock
5285,Sime Darby Plantation Bhd,Malaysia,KLSE,MYR,Common Stock
5286,MI Technovation Bhd,Malaysia,KLSE,MYR,Common Stock
5288,Sime Darby Property Bhd,Malaysia,KLSE,MYR,Common Stock
5289,Techbond Group Bhd,Malaysia,KLSE,MYR,Common Stock
5291,HPMT Holdings Bhd,Malaysia,KLSE,MYR,Common Stock
5292,UWC Bhd,Malaysia,KLSE,MYR,Common Stock
5293,AME Elite Consortium Bhd,Malaysia,KLSE,MYR,Common Stock
5295,INNATURE,Malaysia,KLSE,MYR,Common Stock
5347,Tenaga Nasional Berhad,Malaysia,KLSE,MYR,Common Stock
5371,Kim Hin Industry Bhd,Malaysia,KLSE,MYR,Common Stock
5398,Gamuda Bhd,Malaysia,KLSE,MYR,Common Stock
5401,Tropicana Corporation Bhd,Malaysia,KLSE,MYR,Common Stock
5436,Perusahaan Sadur Timah Malaysia (Perstima) Bhd,Malaysia,KLSE,MYR,Common Stock
5517,Shangri-La Hotels Malaysia Bhd,Malaysia,KLSE,MYR,Common Stock
5533,OCB Bhd,Malaysia,KLSE,MYR,Common Stock
5568,APB Resources Berhad,Malaysia,KLSE,MYR,Common Stock
5576,Minho M Bhd,Malaysia,KLSE,MYR,Common Stock
5592,Grand Central Enterprises Bhd,Malaysia,KLSE,MYR,Common Stock
5614,Integrated Logistics Bhd,Malaysia,KLSE,MYR,Common Stock
5622,Triplc Berhad,Malaysia,KLSE,MYR,Common Stock
5649,Golden Pharos Bhd,Malaysia,KLSE,MYR,Common Stock
5657,Parkson Holdings Berhad,Malaysia,KLSE,MYR,Common Stock
5665,Southern Steel Berhad,Malaysia,KLSE,MYR,Common Stock
5673,Ipmuda Berhad,Malaysia,KLSE,MYR,Common Stock
5681,Petronas Dagangan Bhd,Malaysia,KLSE,MYR,Common Stock
5703,Muhibbah Engineering M Bhd,Malaysia,KLSE,MYR,Common Stock
5738,Country Heights Holdings Berhad,Malaysia,KLSE,MYR,Common Stock
5789,LBS Bina Group Bhd,Malaysia,KLSE,MYR,Common Stock
5797,Choo Bee Metal Industries Bhd,Malaysia,KLSE,MYR,Common Stock
5819,Hong Leong Bank Berhad,Malaysia,KLSE,MYR,Common Stock
5827,Oriental Interest Bhd,Malaysia,KLSE,MYR,Common Stock
5835,Dolomite Corporation Berhad,Malaysia,KLSE,MYR,Common Stock
5843,Kumpulan Perangsang Selangor Bhd,Malaysia,KLSE,MYR,Common Stock
5878,KPJ Healthcare Bhd,Malaysia,KLSE,MYR,Common Stock
5908,DKSH Holdings (Malaysia) Berhad,Malaysia,KLSE,MYR,Common Stock
5916,Malaysia Smelting Corporation Berhad,Malaysia,KLSE,MYR,Common Stock
5924,MTD ACPI Engineering Berhad,Malaysia,KLSE,MYR,Common Stock
5932,Bina Puri Holdings Bhd,Malaysia,KLSE,MYR,Common Stock
5983,MBM Resources Bhd,Malaysia,KLSE,MYR,Common Stock
6009,Pacific &amp; Orient Bhd,Malaysia,KLSE,MYR,Common Stock
6012,Maxis Berhad,Malaysia,KLSE,MYR,Common Stock
6017,SHL Consolidated Bhd,Malaysia,KLSE,MYR,Common Stock
6033,Petronas Gas Bhd,Malaysia,KLSE,MYR,Common Stock
6041,Farlim Group (Malaysia) Bhd,Malaysia,KLSE,MYR,Common Stock
6068,PCCS Group Bhd,Malaysia,KLSE,MYR,Common Stock
6076,Encorp Bhd,Malaysia,KLSE,MYR,Common Stock
6084,Star Media Group Berhad,Malaysia,KLSE,MYR,Common Stock
6114,MKH Berhad,Malaysia,KLSE,MYR,Common Stock
6139,Syarikat Takaful Malaysia Bhd,Malaysia,KLSE,MYR,Common Stock
6149,Metrod Holdings Berhad,Malaysia,KLSE,MYR,Common Stock
6173,Bina Darulaman Bhd,Malaysia,KLSE,MYR,Common Stock
6181,Malton Bhd,Malaysia,KLSE,MYR,Common Stock
6203,Khee San Berhad,Malaysia,KLSE,MYR,Common Stock
6211,Kia Lim Bhd,Malaysia,KLSE,MYR,Common Stock
6238,Hock Seng Lee Bhd,Malaysia,KLSE,MYR,Common Stock
6254,PDZ Holdings Bhd,Malaysia,KLSE,MYR,Common Stock
6262,Innoprise Plantations Bhd,Malaysia,KLSE,MYR,Common Stock
6297,Box-Pak Malaysia Bhd,Malaysia,KLSE,MYR,Common Stock
6351,Amway (Malaysia) Holdings Berhad,Malaysia,KLSE,MYR,Common Stock
6378,Tekala Corp. Bhd,Malaysia,KLSE,MYR,Common Stock
6399,Astro Malaysia Holdings Berhad,Malaysia,KLSE,MYR,Common Stock
6432,Apollo Food Holdings Berhad,Malaysia,KLSE,MYR,Common Stock
6459,MNRB Holdings Berhad,Malaysia,KLSE,MYR,Common Stock
6483,K &amp; N Kenanga Holdings Berhad,Malaysia,KLSE,MYR,Common Stock
6491,Kumpulan Fima Bhd,Malaysia,KLSE,MYR,Common Stock
6521,Suria Capital Holdings Bhd,Malaysia,KLSE,MYR,Common Stock
6548,Malaysia Pacific Corporation Bhd,Malaysia,KLSE,MYR,Common Stock
6556,Ann Joo Resources Berhad,Malaysia,KLSE,MYR,Common Stock
6572,Kwantas Corp. Bhd,Malaysia,KLSE,MYR,Common Stock
6599,Aeon Co. (M) Bhd,Malaysia,KLSE,MYR,Common Stock
6602,BCB Berhad,Malaysia,KLSE,MYR,Common Stock
6633,Leong Hup International Bhd,Malaysia,KLSE,MYR,Common Stock
6637,PNE PCB Bhd,Malaysia,KLSE,MYR,Common Stock
6645,Lingkaran Trans Kota Holdings Berhad,Malaysia,KLSE,MYR,Common Stock
6718,Crescendo Corporation Berhad,Malaysia,KLSE,MYR,Common Stock
6742,YTL Power International Berhad,Malaysia,KLSE,MYR,Common Stock
6769,JKG Land Berhad,Malaysia,KLSE,MYR,Common Stock
6807,Puncak Niaga Holdings Berhad,Malaysia,KLSE,MYR,Common Stock
6815,Eupe Corporation Bhd,Malaysia,KLSE,MYR,Common Stock
6874,KUB Malaysia Berhad,Malaysia,KLSE,MYR,Common Stock
6888,Axiata Group Berhad,Malaysia,KLSE,MYR,Common Stock
6904,Subur Tiasa Holdings Bhd,Malaysia,KLSE,MYR,Common Stock
6939,Fiamma Holdings Bhd,Malaysia,KLSE,MYR,Common Stock
6947,DiGi.Com Berhad,Malaysia,KLSE,MYR,Common Stock
6963,VS Industry Berhad,Malaysia,KLSE,MYR,Common Stock
6971,Kobay Technology Bhd,Malaysia,KLSE,MYR,Common Stock
6998,Bintai Kinden Corp. Bhd,Malaysia,KLSE,MYR,Common Stock
7004,Multi-Code Electronics Industries (M) Berhad,Malaysia,KLSE,MYR,Common Stock
7005,BIG Industries Berhad,Malaysia,KLSE,MYR,Common Stock
7006,Latitude Tree Holdings Bhd,Malaysia,KLSE,MYR,Common Stock
7007,ARK Resources Berhad,Malaysia,KLSE,MYR,Common Stock
7010,Grand Hoover Berhad,Malaysia,KLSE,MYR,Common Stock
7013,Hubline Bhd,Malaysia,KLSE,MYR,Common Stock
7014,YLI Holdings Bhd,Malaysia,KLSE,MYR,Common Stock
7016,Chuan Huat Resources Bhd,Malaysia,KLSE,MYR,Common Stock
7017,Komarkcorp Bhd,Malaysia,KLSE,MYR,Common Stock
7018,CME Group Bhd,Malaysia,KLSE,MYR,Common Stock
7020,YKGI Holdings Berhad,Malaysia,KLSE,MYR,Common Stock
7022,Globetronics Technology Bhd,Malaysia,KLSE,MYR,Common Stock
7025,Woodlandor Holdings Bhd,Malaysia,KLSE,MYR,Common Stock
7028,Zecon Berhad,Malaysia,KLSE,MYR,Common Stock
7029,Master-Pack Group Berhad,Malaysia,KLSE,MYR,Common Stock
7031,Amtel Holdings Berhad,Malaysia,KLSE,MYR,Common Stock
7033,Kumpulan H & L High-Tech Berhad,Malaysia,KLSE,MYR,Common Stock
7034,Thong Guan Industries Bhd,Malaysia,KLSE,MYR,Common Stock
7035,CCK Consolidated Holdings Bhd,Malaysia,KLSE,MYR,Common Stock
7036,Borneo Oil Berhad,Malaysia,KLSE,MYR,Common Stock
7043,JMR Conglomeration Bhd,Malaysia,KLSE,MYR,Common Stock
7045,Scomi Energy Services Bhd,Malaysia,KLSE,MYR,Common Stock
7047,Fajarbaru Builder Group Bhd,Malaysia,KLSE,MYR,Common Stock
7048,Atlan Holdings Bhd,Malaysia,KLSE,MYR,Common Stock
7050,Wong Engineering Corporation Berhad,Malaysia,KLSE,MYR,Common Stock
7052,Padini Holdings Berhad,Malaysia,KLSE,MYR,Common Stock
7054,Astral Asia Berhad,Malaysia,KLSE,MYR,Common Stock
7055,PLB Engineering Bhd,Malaysia,KLSE,MYR,Common Stock
7060,New Hoong Fatt Holdings Bhd,Malaysia,KLSE,MYR,Common Stock
7062,Khind Holdings Bhd,Malaysia,KLSE,MYR,Common Stock
7066,Yong Tai Berhad,Malaysia,KLSE,MYR,Common Stock
7070,Vizione Holdings Bhd,Malaysia,KLSE,MYR,Common Stock
7071,O&amp;C Resources Berhad,Malaysia,KLSE,MYR,Common Stock
7073,Seacera Group Berhad,Malaysia,KLSE,MYR,Common Stock
7076,CB Industrial Product Holding Bhd,Malaysia,KLSE,MYR,Common Stock
7077,GSB Group Berhad,Malaysia,KLSE,MYR,Common Stock
7078,Ahmad Zaki Resources Berhad,Malaysia,KLSE,MYR,Common Stock
7079,Tiger Synergy Berhad,Malaysia,KLSE,MYR,Common Stock
7080,Permaju Industries Bhd,Malaysia,KLSE,MYR,Common Stock
7081,Pharmaniaga Bhd,Malaysia,KLSE,MYR,Common Stock
7082,SYF Resources Bhd,Malaysia,KLSE,MYR,Common Stock
7083,Analabs Resources Berhad,Malaysia,KLSE,MYR,Common Stock
7084,QL Resources Berhad,Malaysia,KLSE,MYR,Common Stock
7085,LTKM Bhd,Malaysia,KLSE,MYR,Common Stock
7086,AbleGroup Berhad,Malaysia,KLSE,MYR,Common Stock
7087,Magni-Tech Industries Bhd,Malaysia,KLSE,MYR,Common Stock
7088,Poh Huat Resources Holdings Bhd,Malaysia,KLSE,MYR,Common Stock
7089,Lii Hen Industries Berhad,Malaysia,KLSE,MYR,Common Stock
7090,Apex Healthcare Berhad,Malaysia,KLSE,MYR,Common Stock
7091,Unimech Group Bhd,Malaysia,KLSE,MYR,Common Stock
7094,Eurospan Holdings Bhd,Malaysia,KLSE,MYR,Common Stock
7095,PIE Industrial Bhd,Malaysia,KLSE,MYR,Common Stock
7096,GPA Holdings Bhd,Malaysia,KLSE,MYR,Common Stock
7097,Ta Win Holdings Bhd,Malaysia,KLSE,MYR,Common Stock
7100,Uchi Technologies Berhad,Malaysia,KLSE,MYR,Common Stock
7103,Spritzer Bhd,Malaysia,KLSE,MYR,Common Stock
7105,HCK Capital Group Berhad,Malaysia,KLSE,MYR,Common Stock
7106,Supermax Corporation Berhad,Malaysia,KLSE,MYR,Common Stock
7107,Oriental Food Industries Holdings Bhd,Malaysia,KLSE,MYR,Common Stock
7108,Perdana Petroleum Bhd,Malaysia,KLSE,MYR,Common Stock
7113,Top Glove Corporation Berhad,Malaysia,KLSE,MYR,Common Stock
7114,D Nonce Technology Bhd,Malaysia,KLSE,MYR,Common Stock
7115,SKB Shutters Corp. Bhd,Malaysia,KLSE,MYR,Common Stock
7117,Century Logistics Holdings Bhd,Malaysia,KLSE,MYR,Common Stock
7120,Acoustech Berhad,Malaysia,KLSE,MYR,Common Stock
7121,Xian Leng Holdings Bhd,Malaysia,KLSE,MYR,Common Stock
7123,Priceworth International Berhad,Malaysia,KLSE,MYR,Common Stock
7128,Cam Resources Bhd,Malaysia,KLSE,MYR,Common Stock
7129,Asia File Corporation Bhd,Malaysia,KLSE,MYR,Common Stock
7130,Kumpulan Powernet Bhd,Malaysia,KLSE,MYR,Common Stock
7131,ACME Holdings Bhd,Malaysia,KLSE,MYR,Common Stock
7132,SMIS Corp. Bhd,Malaysia,KLSE,MYR,Common Stock
7133,United U-LI Corporation Berhad,Malaysia,KLSE,MYR,Common Stock
7134,PWF Consolidated Berhad,Malaysia,KLSE,MYR,Common Stock
7137,UMS Holdings Berhad,Malaysia,KLSE,MYR,Common Stock
7139,Niche Capital Emas Holdings Berhad,Malaysia,KLSE,MYR,Common Stock
7140,Oka Corp. Bhd,Malaysia,KLSE,MYR,Common Stock
7145,Prinsiptek Corp. Bhd,Malaysia,KLSE,MYR,Common Stock
7146,AE Multi Holdings Berhad,Malaysia,KLSE,MYR,Common Stock
7148,CCM Duopharma Biotech Berhad,Malaysia,KLSE,MYR,Common Stock
7149,Eng Kah Corporation Berhad,Malaysia,KLSE,MYR,Common Stock
7152,Jaycorp Berhad,Malaysia,KLSE,MYR,Common Stock
7153,Kossan Rubber Industries Bhd,Malaysia,KLSE,MYR,Common Stock
7154,Caely Holdings Bhd,Malaysia,KLSE,MYR,Common Stock
7155,SKP Resources Bhd,Malaysia,KLSE,MYR,Common Stock
7157,CYL Corporation Bhd,Malaysia,KLSE,MYR,Common Stock
7158,Scomi Group Bhd,Malaysia,KLSE,MYR,Common Stock
7160,Pentamaster Corp. Bhd,Malaysia,KLSE,MYR,Common Stock
7161,Kerjaya Prospek Group Berhad,Malaysia,KLSE,MYR,Common Stock
7162,Astino Berhad,Malaysia,KLSE,MYR,Common Stock
7163,PJBumi Berhad,Malaysia,KLSE,MYR,Common Stock
7164,KNM Group Bhd,Malaysia,KLSE,MYR,Common Stock
7165,Spring Gallery Berhad,Malaysia,KLSE,MYR,Common Stock
7167,Johore Tin Bhd,Malaysia,KLSE,MYR,Common Stock
7168,PRG Holdings Berhad,Malaysia,KLSE,MYR,Common Stock
7169,Dominant Enterprise Bhd,Malaysia,KLSE,MYR,Common Stock
7170,LFE Corp. Bhd,Malaysia,KLSE,MYR,Common Stock
7172,PMB Technology Bhd,Malaysia,KLSE,MYR,Common Stock
7173,Toyo Ink Group Berhad,Malaysia,KLSE,MYR,Common Stock
7174,CAB Cakaran Corp. Bhd,Malaysia,KLSE,MYR,Common Stock
7176,TPC Plus Berhad,Malaysia,KLSE,MYR,Common Stock
7178,Y.S.P. Southeast Asia Holding Berhad,Malaysia,KLSE,MYR,Common Stock
7179,DBE Gurney Resources Bhd,Malaysia,KLSE,MYR,Common Stock
7180,Sern Kou Resources Bhd,Malaysia,KLSE,MYR,Common Stock
7181,Aturmaju Resources Berhad,Malaysia,KLSE,MYR,Common Stock
7182,EKA Noodles Berhad,Malaysia,KLSE,MYR,Common Stock
7183,Ire-Tex Corp. Bhd,Malaysia,KLSE,MYR,Common Stock
7184,Yen Global Berhad,Malaysia,KLSE,MYR,Common Stock
7186,SWS Capital Berhad,Malaysia,KLSE,MYR,Common Stock
7187,Boon Koon Group Berhad,Malaysia,KLSE,MYR,Common Stock
7188,BTM Resources Berhad,Malaysia,KLSE,MYR,Common Stock
7190,Pelangi Publishing Group Bhd,Malaysia,KLSE,MYR,Common Stock
7191,Adventa Bhd,Malaysia,KLSE,MYR,Common Stock
7192,Goodway Integrated Industries Bhd,Malaysia,KLSE,MYR,Common Stock
7195,Comintel Corporation Berhad,Malaysia,KLSE,MYR,Common Stock
7197,GE-Shen Corporation Berhad,Malaysia,KLSE,MYR,Common Stock
7198,DPS Resources Bhd,Malaysia,KLSE,MYR,Common Stock
7199,Kein Hing International Bhd,Malaysia,KLSE,MYR,Common Stock
7200,Tek Seng Holdings Bhd,Malaysia,KLSE,MYR,Common Stock
7201,Progressive Impact Corp. Bhd,Malaysia,KLSE,MYR,Common Stock
7202,Classic Scenic Bhd,Malaysia,KLSE,MYR,Common Stock
7203,Wang-Zheng Berhad,Malaysia,KLSE,MYR,Common Stock
7204,D &amp; O Green Technologies Berhad,Malaysia,KLSE,MYR,Common Stock
7205,Cocoaland Holdings Bhd,Malaysia,KLSE,MYR,Common Stock
7206,TH Heavy Engineering Berhad,Malaysia,KLSE,MYR,Common Stock
7207,Success Transformer Corporation Berhad,Malaysia,KLSE,MYR,Common Stock
7208,Euro Holdings Bhd,Malaysia,KLSE,MYR,Common Stock
7209,Cheetah Holdings Berhad,Malaysia,KLSE,MYR,Common Stock
7210,Freight Management Holdings Bhd,Malaysia,KLSE,MYR,Common Stock
7211,TAFI Industries Berhad,Malaysia,KLSE,MYR,Common Stock
7212,Destini Berhad,Malaysia,KLSE,MYR,Common Stock
7214,A-Rank Berhad,Malaysia,KLSE,MYR,Common Stock
7215,Ni Hsin Resources Bhd,Malaysia,KLSE,MYR,Common Stock
7216,Kawan Food Bhd,Malaysia,KLSE,MYR,Common Stock
7217,Eonmetall Group Bhd,Malaysia,KLSE,MYR,Common Stock
7218,Transocean Holdings Bhd,Malaysia,KLSE,MYR,Common Stock
7219,Minetech Resources Berhad,Malaysia,KLSE,MYR,Common Stock
7221,BSL Corp. Bhd,Malaysia,KLSE,MYR,Common Stock
7222,Imaspro Corporation Berhad,Malaysia,KLSE,MYR,Common Stock
7223,Jadi Imaging Holdings Bhd,Malaysia,KLSE,MYR,Common Stock
7225,P.A. Resources Berhad,Malaysia,KLSE,MYR,Common Stock
7226,Watta Holding Bhd,Malaysia,KLSE,MYR,Common Stock
7227,UMS Neiken Group Bhd,Malaysia,KLSE,MYR,Common Stock
7228,Tanjung Offshore Bhd,Malaysia,KLSE,MYR,Common Stock
7229,Favelle Favco Berhad,Malaysia,KLSE,MYR,Common Stock
7230,Tomei Consolidated Berhad,Malaysia,KLSE,MYR,Common Stock
7231,WellCall Holdings Berhad,Malaysia,KLSE,MYR,Common Stock
7232,Resintech Bhd,Malaysia,KLSE,MYR,Common Stock
7233,Dufu Technology Corp. Berhad,Malaysia,KLSE,MYR,Common Stock
7234,MESB Bhd,Malaysia,KLSE,MYR,Common Stock
7235,Superlon Holdings Berhad,Malaysia,KLSE,MYR,Common Stock
7237,Power Root Berhad,Malaysia,KLSE,MYR,Common Stock
7239,Scanwolf Corporation Berhad,Malaysia,KLSE,MYR,Common Stock
7240,Voir Holdings Berhad,Malaysia,KLSE,MYR,Common Stock
7241,BHS Industries Bhd,Malaysia,KLSE,MYR,Common Stock
7243,Bio Osmo Berhad,Malaysia,KLSE,MYR,Common Stock
7245,WZ Satu Berhad,Malaysia,KLSE,MYR,Common Stock
7246,Signature International Berhad,Malaysia,KLSE,MYR,Common Stock
7247,SCGM Bhd,Malaysia,KLSE,MYR,Common Stock
7248,SLP Resources Berhad,Malaysia,KLSE,MYR,Common Stock
7249,Ewein Berhad,Malaysia,KLSE,MYR,Common Stock
7250,Uzma Berhad,Malaysia,KLSE,MYR,Common Stock
7251,Barakah Offshore Petroleum Berhad,Malaysia,KLSE,MYR,Common Stock
7252,Teo Seng Capital Berhad,Malaysia,KLSE,MYR,Common Stock
7253,Handal Resources Berhad,Malaysia,KLSE,MYR,Common Stock
7277,Dialog Group Berhad,Malaysia,KLSE,MYR,Common Stock
7285,Tomypak Holdings Bhd,Malaysia,KLSE,MYR,Common Stock
7293,Yinson Holdings Berhad,Malaysia,KLSE,MYR,Common Stock
7315,AHB Holdings Berhad,Malaysia,KLSE,MYR,Common Stock
7323,Ken Holdings Bhd,Malaysia,KLSE,MYR,Common Stock
7374,Tien Wah Press Holdings Bhd,Malaysia,KLSE,MYR,Common Stock
7382,Golden Land Berhad,Malaysia,KLSE,MYR,Common Stock
7412,SHH Resources Holdings Bhd,Malaysia,KLSE,MYR,Common Stock
7439,Teck Guan Perdana Bhd,Malaysia,KLSE,MYR,Common Stock
7471,Eden Inc. Berhad,Malaysia,KLSE,MYR,Common Stock
7498,Ralco Corporation Bhd,Malaysia,KLSE,MYR,Common Stock
7501,Harn Len Corporation Bhd,Malaysia,KLSE,MYR,Common Stock
7528,DKLS Industries Bhd,Malaysia,KLSE,MYR,Common Stock
7544,Quality Concrete Holdings Bhd,Malaysia,KLSE,MYR,Common Stock
7579,AWC Berhad,Malaysia,KLSE,MYR,Common Stock
7595,ML Global Berhad,Malaysia,KLSE,MYR,Common Stock
7609,Ajiya Berhad,Malaysia,KLSE,MYR,Common Stock
7617,Magna Prima Bhd,Malaysia,KLSE,MYR,Common Stock
7668,Hai-O Enterprise Bhd,Malaysia,KLSE,MYR,Common Stock
7676,Gunung Capital Bhd,Malaysia,KLSE,MYR,Common Stock
7692,Widetech Malaysia Bhd,Malaysia,KLSE,MYR,Common Stock
7722,Asia Brands Berhad,Malaysia,KLSE,MYR,Common Stock
7757,UPA Corporation Bhd,Malaysia,KLSE,MYR,Common Stock
7765,Rapid Synergy Bhd,Malaysia,KLSE,MYR,Common Stock
7773,EP Manufacturing Bhd,Malaysia,KLSE,MYR,Common Stock
7803,Rubberex Corp. M Bhd,Malaysia,KLSE,MYR,Common Stock
7811,Sapura Industrial Bhd,Malaysia,KLSE,MYR,Common Stock
7854,Timberwell Bhd,Malaysia,KLSE,MYR,Common Stock
7889,Thriven Global Berhad,Malaysia,KLSE,MYR,Common Stock
7935,Milux Corporation Bhd,Malaysia,KLSE,MYR,Common Stock
7943,Sand Nisko Capital Bhd,Malaysia,KLSE,MYR,Common Stock
8044,Computer Forms (Malaysia) Bhd,Malaysia,KLSE,MYR,Common Stock
8079,Lee Swee Kiat Group Bhd,Malaysia,KLSE,MYR,Common Stock
8117,Poly Glass Fibre M Bhd,Malaysia,KLSE,MYR,Common Stock
8125,Daibochi Plastic &amp; Packaging Industry Bhd,Malaysia,KLSE,MYR,Common Stock
8133,Boustead Heavy Industries Corporation Bhd,Malaysia,KLSE,MYR,Common Stock
8141,Majuperak Holdings Bhd,Malaysia,KLSE,MYR,Common Stock
8176,Denko Industrial Corp. Bhd,Malaysia,KLSE,MYR,Common Stock
8192,Mercury Industries Bhd,Malaysia,KLSE,MYR,Common Stock
8206,Eco World Development Group Berhad,Malaysia,KLSE,MYR,Common Stock
8273,Public Packages Holdings Bhd,Malaysia,KLSE,MYR,Common Stock
8303,Kuantan Flour Mills Bhd,Malaysia,KLSE,MYR,Common Stock
8311,Pesona Metro Holdings Berhad,Malaysia,KLSE,MYR,Common Stock
8338,Dataprep Holdings Bhd,Malaysia,KLSE,MYR,Common Stock
8346,Perak Corp. Bhd,Malaysia,KLSE,MYR,Common Stock
8362,KYM Holdings Bhd,Malaysia,KLSE,MYR,Common Stock
8397,Tiong Nam Logistics Holdings Bhd,Malaysia,KLSE,MYR,Common Stock
8419,Pansar Bhd,Malaysia,KLSE,MYR,Common Stock
8435,Concrete Engineering Products Bhd,Malaysia,KLSE,MYR,Common Stock
8443,HIL Industries Bhd,Malaysia,KLSE,MYR,Common Stock
8478,HWA TAI Industries Bhd,Malaysia,KLSE,MYR,Common Stock
8486,Lion Forest Industries Berhad,Malaysia,KLSE,MYR,Common Stock
8494,LBI Capital Bhd,Malaysia,KLSE,MYR,Common Stock
8524,Taliworks Corporation Bhd,Malaysia,KLSE,MYR,Common Stock
8532,Sinotop Holdings Berhad,Malaysia,KLSE,MYR,Common Stock
8567,Salcon Bhd,Malaysia,KLSE,MYR,Common Stock
8583,Mah Sing Group Bhd,Malaysia,KLSE,MYR,Common Stock
8591,Crest Builder Holdings Bhd,Malaysia,KLSE,MYR,Common Stock
8605,Federal Furniture Holdings M Bhd,Malaysia,KLSE,MYR,Common Stock
8613,ENRA Group Berhad,Malaysia,KLSE,MYR,Common Stock
8621,LPI Capital Bhd,Malaysia,KLSE,MYR,Common Stock
8648,Jasa Kita Bhd,Malaysia,KLSE,MYR,Common Stock
8664,S P Setia Berhad,Malaysia,KLSE,MYR,Common Stock
8672,Kamdar Group (M) Bhd,Malaysia,KLSE,MYR,Common Stock
8702,Texchem Resources Bhd,Malaysia,KLSE,MYR,Common Stock
8745,Leweko Resources Bhd,Malaysia,KLSE,MYR,Common Stock
8761,Brem Holding Berhad,Malaysia,KLSE,MYR,Common Stock
8834,Ireka Corp. Bhd,Malaysia,KLSE,MYR,Common Stock
8869,Press Metal Bhd,Malaysia,KLSE,MYR,Common Stock
8877,Ekovest Berhad,Malaysia,KLSE,MYR,Common Stock
8885,Reliance Pacific Bhd,Malaysia,KLSE,MYR,Common Stock
8893,MK Land Holdings Bhd,Malaysia,KLSE,MYR,Common Stock
8907,EG Industries Berhad,Malaysia,KLSE,MYR,Common Stock
8923,Jiankun International Berhad,Malaysia,KLSE,MYR,Common Stock
8931,Jerasia Capital Bhd,Malaysia,KLSE,MYR,Common Stock
8966,Prolexus Bhd,Malaysia,KLSE,MYR,Common Stock
8982,Cepatwawasan Group Bhd,Malaysia,KLSE,MYR,Common Stock
9008,Omesti Bhd,Malaysia,KLSE,MYR,Common Stock
9016,Eksons Corporation Berhad,Malaysia,KLSE,MYR,Common Stock
9059,TSH Resources Berhad,Malaysia,KLSE,MYR,Common Stock
9075,Theta Edge Berhad,Malaysia,KLSE,MYR,Common Stock
9083,Kumpulan Jetson Bhd,Malaysia,KLSE,MYR,Common Stock
9091,Emico Holdings Berhad,Malaysia,KLSE,MYR,Common Stock
9113,Sanbumi Holdings Berhad,Malaysia,KLSE,MYR,Common Stock
9121,KPS Consortium Bhd,Malaysia,KLSE,MYR,Common Stock
9148,Advanced Packaging Technology M Bhd,Malaysia,KLSE,MYR,Common Stock
9172,Formosa Prosonic Industries Berhad,Malaysia,KLSE,MYR,Common Stock
9199,Lysaght Galvanized Steel Bhd,Malaysia,KLSE,MYR,Common Stock
9237,Sarawak Consolidated Industries Berhad,Malaysia,KLSE,MYR,Common Stock
9261,Gadang Holdings Berhad,Malaysia,KLSE,MYR,Common Stock
9288,Bonia Corporation Berhad,Malaysia,KLSE,MYR,Common Stock
9296,RCE Capital Berhad,Malaysia,KLSE,MYR,Common Stock
9318,Fitters Diversified Berhad,Malaysia,KLSE,MYR,Common Stock
9326,LB Aluminium Bhd,Malaysia,KLSE,MYR,Common Stock
9334,KESM Industries Bhd,Malaysia,KLSE,MYR,Common Stock
9342,Anzo Holdings Berhad,Malaysia,KLSE,MYR,Common Stock
9369,Teo Guan Lee Corp. Bhd,Malaysia,KLSE,MYR,Common Stock
9385,Lay Hong Berhad,Malaysia,KLSE,MYR,Common Stock
9393,Industronics Bhd,Malaysia,KLSE,MYR,Common Stock
9407,Paragon Union Bhd,Malaysia,KLSE,MYR,Common Stock
9423,Chee Wah Corp. Bhd,Malaysia,KLSE,MYR,Common Stock
9466,KKB Engineering Bhd,Malaysia,KLSE,MYR,Common Stock
9474,Brahim&apos;s Holdings Berhad,Malaysia,KLSE,MYR,Common Stock
9539,Multi-Usage Holdings Bhd,Malaysia,KLSE,MYR,Common Stock
9571,Mitrajaya Holdings Bhd,Malaysia,KLSE,MYR,Common Stock
9598,Pintaras Jaya Bhd,Malaysia,KLSE,MYR,Common Stock
9601,Ho Wah Genting Bhd,Malaysia,KLSE,MYR,Common Stock
9679,WCT Holdings Berhad,Malaysia,KLSE,MYR,Common Stock
9687,Ideal United Bintang Berhad,Malaysia,KLSE,MYR,Common Stock
9695,PLS Plantations Bhd,Malaysia,KLSE,MYR,Common Stock
9717,Sycal Ventures Berhad,Malaysia,KLSE,MYR,Common Stock
9741,Rohas Tecnic Bhd,Malaysia,KLSE,MYR,Common Stock
9776,Farm&apos;s Best Bhd,Malaysia,KLSE,MYR,Common Stock
9792,SEG International Bhd,Malaysia,KLSE,MYR,Common Stock
9806,Nationwide Express Holdings Bhd,Malaysia,KLSE,MYR,Common Stock
9814,Bertam Alliance Bhd,Malaysia,KLSE,MYR,Common Stock
9822,SAM Engineering &amp; Equipment (M) Berhad,Malaysia,KLSE,MYR,Common Stock
9873,Prestar Resources Bhd,Malaysia,KLSE,MYR,Common Stock
9881,Leader Steel Holdings Bhd,Malaysia,KLSE,MYR,Common Stock
9938,Bright Packaging Industry Bhd,Malaysia,KLSE,MYR,Common Stock
9946,Rex Industry Berhad,Malaysia,KLSE,MYR,Common Stock
9954,Asia Knight Berhad,Malaysia,KLSE,MYR,Common Stock
9962,Gromutual Bhd,Malaysia,KLSE,MYR,Common Stock
9997,Pensonic Holdings Bhd,Malaysia,KLSE,MYR,Common Stock
BIMB,BIMB Holdings Berhad,Malaysia,KLSE,MYR,Common Stock
CHHB,Country Heights Holdings Berhad,Malaysia,KLSE,MYR,Common Stock
CIMB,CIMB Group Holdings Berhad,Malaysia,KLSE,MYR,Common Stock
GENP,Genting Plantations Berhad,Malaysia,KLSE,MYR,Common Stock
MYEG,My E.G. Services Berhad,Malaysia,KLSE,MYR,Common Stock
